{
  "_fv": 66,
  "_type": "armor",
  "definition": {
    "enableHelmet": true,
    "textureHelmet": "armoroflegend_head",
    "enableBody": true,
    "textureBody": "armoroflegend_body",
    "enableLeggings": true,
    "textureLeggings": "armoroflegend_leggings",
    "enableBoots": true,
    "textureBoots": "armoroflegend_boots",
    "creativeTabs": [
      {
        "value": "COMBAT"
      },
      {
        "value": "TOOLS"
      }
    ],
    "armorTextureFile": "armoroflegend",
    "helmetName": "Armorof Legend Helmet",
    "bodyName": "Armorof Legend Chestplate",
    "leggingsName": "Armorof Legend Leggings",
    "bootsName": "Armorof Legend Boots",
    "helmetSpecialInformation": {
      "fixedValue": []
    },
    "bodySpecialInformation": {
      "fixedValue": []
    },
    "leggingsSpecialInformation": {
      "fixedValue": []
    },
    "bootsSpecialInformation": {
      "fixedValue": []
    },
    "helmetModelName": "Default",
    "helmetModelPart": "Helmet",
    "helmetModelTexture": "From armor",
    "bodyModelName": "Default",
    "bodyModelPart": "Body",
    "armsModelPartL": "Arms L",
    "armsModelPartR": "Arms R",
    "bodyModelTexture": "From armor",
    "leggingsModelName": "Default",
    "leggingsModelPartL": "Leggings L",
    "leggingsModelPartR": "Leggings R",
    "leggingsModelTexture": "From armor",
    "bootsModelName": "Default",
    "bootsModelPartL": "Boots L",
    "bootsModelPartR": "Boots R",
    "bootsModelTexture": "From armor",
    "helmetItemRenderType": 0,
    "helmetItemCustomModelName": "Normal",
    "bodyItemRenderType": 0,
    "bodyItemCustomModelName": "Normal",
    "leggingsItemRenderType": 0,
    "leggingsItemCustomModelName": "Normal",
    "bootsItemRenderType": 0,
    "bootsItemCustomModelName": "Normal",
    "helmetImmuneToFire": false,
    "bodyImmuneToFire": false,
    "leggingsImmuneToFire": false,
    "bootsImmuneToFire": false,
    "helmetGlowCondition": {
      "fixedValue": false
    },
    "bodyGlowCondition": {
      "fixedValue": false
    },
    "leggingsGlowCondition": {
      "fixedValue": false
    },
    "bootsGlowCondition": {
      "fixedValue": false
    },
    "helmetPiglinNeutral": {
      "fixedValue": false
    },
    "bodyPiglinNeutral": {
      "fixedValue": false
    },
    "leggingsPiglinNeutral": {
      "fixedValue": false
    },
    "bootsPiglinNeutral": {
      "fixedValue": false
    },
    "maxDamage": 175,
    "damageValueHelmet": 50,
    "damageValueBody": 53,
    "damageValueLeggings": 45,
    "damageValueBoots": 28,
    "enchantability": 18,
    "toughness": 5.0,
    "knockbackResistance": 5.0,
    "equipSound": {
      "value": ""
    },
    "repairItems": []
  }
}