{
  "_fv": 66,
  "_type": "dimension",
  "definition": {
    "biomesInDimension": [
      {
        "value": "crimson_forest"
      }
    ],
    "worldGenType": "End like gen",
    "mainFillerBlock": {
      "value": "Blocks.CRYING_OBSIDIAN"
    },
    "fluidBlock": {
      "value": "Blocks.DIAMOND_BLOCK"
    },
    "canRespawnHere": true,
    "hasFog": false,
    "isDark": false,
    "doesWaterVaporize": true,
    "sleepResult": "BED_EXPLODES",
    "hasSkyLight": false,
    "imitateOverworldBehaviour": false,
    "portalFrame": {
      "value": "Blocks.DIAMOND_BLOCK"
    },
    "portalParticles": {
      "value": "NOTE"
    },
    "portalLuminance": 0,
    "portalSound": {
      "value": "block.portal.ambient"
    },
    "enableIgniter": true,
    "igniterName": "End Crazy Edition Portal Igniter",
    "igniterRarity": "COMMON",
    "specialInformation": {
      "fixedValue": []
    },
    "creativeTabs": [
      {
        "value": "TOOLS"
      }
    ],
    "texture": "minecraft:carrot_on_a_stick",
    "portalTexture": "minecraft:cyan_glazed_terracotta",
    "enablePortal": true
  }
}