{
  "_fv": 66,
  "_type": "tool",
  "definition": {
    "toolType": "Pickaxe",
    "renderType": 0,
    "blockingRenderType": 0,
    "texture": "sword-of-legend",
    "customModelName": "Normal",
    "blockingModelName": "Normal blocking",
    "name": "Swordof Legend",
    "specialInformation": {
      "fixedValue": []
    },
    "creativeTabs": [
      {
        "value": "TOOLS"
      }
    ],
    "efficiency": 4.0,
    "attackSpeed": 21.0,
    "enchantability": 2,
    "damageVsEntity": 270.20000000000005,
    "usageCount": 648,
    "glowCondition": {
      "fixedValue": false
    },
    "repairItems": [],
    "immuneToFire": false,
    "blockDropsTier": "WOOD",
    "blocksAffected": [],
    "stayInGridWhenCrafting": false,
    "damageOnCrafting": false,
    "onEntityHitWith": {
      "name": "SwordofLegendLivingEntityIsHitWithTool"
    }
  }
}