{
  "_fv": 66,
  "_type": "biome",
  "definition": {
    "name": "Wet",
    "groundBlock": {
      "value": "CUSTOM:Wxc"
    },
    "undergroundBlock": {
      "value": "CUSTOM:CANDYORE"
    },
    "underwaterBlock": {
      "value": "CUSTOM:THECRAZYFISH"
    },
    "airColor": {
      "value": -16711681,
      "falpha": 0.0
    },
    "grassColor": {
      "value": -13421569,
      "falpha": 0.0
    },
    "foliageColor": {
      "value": -52429,
      "falpha": 0.0
    },
    "waterColor": {
      "value": -52429,
      "falpha": 0.0
    },
    "waterFogColor": {
      "value": -13369345,
      "falpha": 0.0
    },
    "ambientSound": {
      "value": ""
    },
    "additionsSound": {
      "value": ""
    },
    "music": {
      "value": ""
    },
    "moodSound": {
      "value": ""
    },
    "moodSoundDelay": 6000,
    "spawnParticles": false,
    "particleToSpawn": {
      "value": "EXPLOSION_NORMAL"
    },
    "particlesProbability": 0.5,
    "rainingPossibility": 0.5,
    "temperature": 1.3,
    "spawnBiome": true,
    "spawnInCaves": false,
    "spawnBiomeNether": false,
    "genTemperature": {
      "min": -0.5,
      "max": 0.5
    },
    "genHumidity": {
      "min": -0.5,
      "max": 0.5
    },
    "genContinentalness": {
      "min": 0.3,
      "max": 1.0
    },
    "genErosion": {
      "min": -0.5,
      "max": 0.5
    },
    "genWeirdness": {
      "min": -1.0,
      "max": 1.0
    },
    "treesPerChunk": 1,
    "vanillaTreeType": "Default",
    "treeType": 1,
    "minHeight": 9,
    "treeStem": {
      "value": "Blocks.LAVA"
    },
    "treeBranch": {
      "value": "Blocks.LAVA"
    },
    "treeVines": {
      "value": "Blocks.BEDROCK"
    },
    "treeFruits": {
      "value": "Blocks.MAGMA"
    },
    "defaultFeatures": [
      "Caves",
      "Ores",
      "FrozenTopLayer"
    ],
    "spawnStronghold": true,
    "spawnMineshaft": true,
    "spawnMineshaftMesa": false,
    "spawnPillagerOutpost": true,
    "villageType": "none",
    "spawnWoodlandMansion": true,
    "spawnJungleTemple": false,
    "spawnDesertPyramid": false,
    "spawnSwampHut": false,
    "spawnIgloo": false,
    "spawnOceanMonument": false,
    "spawnShipwreck": false,
    "spawnShipwreckBeached": false,
    "spawnBuriedTreasure": false,
    "oceanRuinType": "NONE",
    "spawnNetherBridge": false,
    "spawnNetherFossil": false,
    "spawnBastionRemnant": false,
    "spawnEndCity": false,
    "spawnRuinedPortal": "DESERT",
    "spawnEntries": [
      {
        "entity": {
          "value": "CUSTOM:Test"
        },
        "minGroup": 4,
        "maxGroup": 35,
        "weight": 20,
        "spawnType": "creature"
      }
    ]
  }
}