{
  "has_precipitation": true,
  "temperature": 1.1,
  "downfall": 1,
  "effects": {
    "foliage_color": -6711040,
    "grass_color": -10027213,
    "sky_color": -13421569,
    "fog_color": -13421569,
    "water_color": -13369549,
    "water_fog_color": -52480
  },
  "spawners": {
    "monster": [],
    "creature": [
      {
        "type": "matthew_moorhead_mod:test",
        "weight": 20,
        "minCount": 13,
        "maxCount": 40
      }
    ],
    "ambient": [],
    "axolotls": [],
    "underground_water_creature": [],
    "water_creature": [],
    "water_ambient": [],
    "misc": []
  },
  "spawn_costs": {},
  "carvers": {
    "air": [
      "minecraft:cave",
      "minecraft:cave_extra_underground",
      "minecraft:canyon"
    ]
  },
  "features": [
    [],
    [
      "minecraft:lake_lava_underground"
    ],
    [],
    [],
    [],
    [],
    [
      "minecraft:ore_coal_upper",
      "minecraft:ore_coal_lower",
      "minecraft:ore_iron_upper",
      "minecraft:ore_iron_middle",
      "minecraft:ore_iron_small",
      "minecraft:ore_gold",
      "minecraft:ore_gold_lower",
      "minecraft:ore_redstone",
      "minecraft:ore_redstone_lower",
      "minecraft:ore_diamond",
      "minecraft:ore_diamond_large",
      "minecraft:ore_diamond_buried",
      "minecraft:ore_lapis",
      "minecraft:ore_lapis_buried",
      "minecraft:ore_copper",
      "minecraft:underwater_magma"
    ],
    [],
    [],
    [
      "matthew_moorhead_mod:crazy_tree"
    ],
    [
      "minecraft:freeze_top_layer"
    ]
  ]
}