{
  "_fv": 66,
  "_type": "tool",
  "definition": {
    "toolType": "Sword",
    "renderType": 0,
    "blockingRenderType": 0,
    "texture": "drninjasword",
    "customModelName": "Normal",
    "blockingModelName": "Normal blocking",
    "name": "DR Ninja Sword",
    "specialInformation": {
      "fixedValue": []
    },
    "creativeTabs": [
      {
        "value": "COMBAT"
      }
    ],
    "efficiency": 4.5,
    "attackSpeed": 2.0,
    "enchantability": 5,
    "damageVsEntity": 8.0,
    "usageCount": 100,
    "glowCondition": {
      "fixedValue": false
    },
    "repairItems": [
      {
        "value": "CUSTOM:DRNinjaIngot"
      }
    ],
    "immuneToFire": false,
    "blockDropsTier": "STONE",
    "blocksAffected": [],
    "stayInGridWhenCrafting": false,
    "damageOnCrafting": false,
    "onEntityHitWith": {
      "name": "DRNinjaSwordLivingEntityIsHitWithTool"
    }
  }
}