{
  "_fv": 66,
  "_type": "plant",
  "definition": {
    "renderType": 13,
    "texture": "indigoium_plant",
    "textureBottom": "",
    "customModelName": "Crop model",
    "itemTexture": "indigoium_flower",
    "particleTexture": "",
    "tintType": "Foliage",
    "isItemTinted": false,
    "plantType": "growapable",
    "suspiciousStewEffect": "SPEED",
    "suspiciousStewDuration": 100,
    "growapableSpawnType": "Cave",
    "growapableMaxHeight": 4,
    "customBoundingBox": false,
    "disableOffset": false,
    "boundingBoxes": [
      {
        "mx": 0.0,
        "my": 0.0,
        "mz": 0.0,
        "Mx": 16.0,
        "My": 16.0,
        "Mz": 16.0,
        "subtract": false
      }
    ],
    "name": "Indigoium",
    "specialInformation": {
      "fixedValue": []
    },
    "creativeTabs": [
      {
        "value": "DECORATIONS"
      }
    ],
    "hardness": 0.0,
    "resistance": 0.0,
    "luminance": 3,
    "unbreakable": false,
    "isSolid": false,
    "isCustomSoundType": false,
    "soundOnStep": {
      "value": "PLANT"
    },
    "breakSound": {
      "value": ""
    },
    "stepSound": {
      "value": ""
    },
    "placeSound": {
      "value": ""
    },
    "hitSound": {
      "value": ""
    },
    "fallSound": {
      "value": ""
    },
    "useLootTableForDrops": false,
    "customDrop": {
      "value": "CUSTOM:IndigoiumSeeds"
    },
    "dropAmount": 2,
    "forceTicking": false,
    "emissiveRendering": true,
    "hasTileEntity": false,
    "isReplaceable": true,
    "colorOnMap": "WATER",
    "creativePickItem": {
      "value": "CUSTOM:IndigoiumFlower"
    },
    "offsetType": "XZ",
    "aiPathNodeType": "DEFAULT",
    "flammability": 100,
    "fireSpreadSpeed": 60,
    "jumpFactor": 1.0,
    "speedFactor": 1.0,
    "canBePlacedOn": [
      {
        "value": "Blocks.REDSTONE_ORE"
      },
      {
        "value": "Blocks.LIT_REDSTONE_ORE"
      },
      {
        "value": "Blocks.LAPIS_ORE"
      },
      {
        "value": "Blocks.DEEPSLATE_REDSTONE_ORE"
      },
      {
        "value": "Blocks.DEEPSLATE_LAPIS_ORE"
      }
    ],
    "isBonemealable": false,
    "frequencyOnChunks": 5,
    "generateFeature": false,
    "restrictionBiomes": [],
    "generationType": "Flower",
    "patchSize": 64,
    "generateAtAnyHeight": false,
    "onTickUpdate": {
      "name": "IndigoiumStage01"
    }
  }
}