{
  "_fv": 66,
  "_type": "tool",
  "definition": {
    "toolType": "Sword",
    "renderType": 0,
    "blockingRenderType": 0,
    "texture": "chazziumbattleax",
    "customModelName": "Normal",
    "blockingModelName": "Normal blocking",
    "name": "Chazzium Battle Axe",
    "specialInformation": {
      "fixedValue": []
    },
    "creativeTabs": [
      {
        "value": "COMBAT"
      }
    ],
    "efficiency": 1.0,
    "attackSpeed": 1.4000000000000001,
    "enchantability": 14,
    "damageVsEntity": 13.0,
    "usageCount": 458,
    "glowCondition": {
      "fixedValue": false
    },
    "repairItems": [
      {
        "value": "CUSTOM:NinjaIngot"
      }
    ],
    "immuneToFire": false,
    "blockDropsTier": "IRON",
    "blocksAffected": [],
    "stayInGridWhenCrafting": false,
    "damageOnCrafting": false,
    "onEntityHitWith": {
      "name": "NinjaWeaponLivingEntityIsHitWithTool"
    },
    "onEntitySwing": {
      "name": "NinjaWeaponEntitySwingsItem"
    }
  }
}