{
  "_fv": 66,
  "_type": "tool",
  "definition": {
    "toolType": "Sword",
    "renderType": 0,
    "blockingRenderType": 0,
    "texture": "popsword",
    "customModelName": "Normal",
    "blockingModelName": "Normal blocking",
    "name": "Poptart Sword",
    "specialInformation": {
      "fixedValue": []
    },
    "creativeTabs": [
      {
        "value": "COMBAT"
      },
      {
        "value": "CUSTOM:PoptartMod"
      }
    ],
    "efficiency": 9.5,
    "attackSpeed": 0.6,
    "enchantability": 13,
    "damageVsEntity": 18.0,
    "usageCount": 10,
    "glowCondition": {
      "fixedValue": false
    },
    "repairItems": [
      {
        "value": "CUSTOM:Poptart"
      }
    ],
    "immuneToFire": false,
    "blockDropsTier": "WOOD",
    "blocksAffected": [],
    "stayInGridWhenCrafting": false,
    "damageOnCrafting": false,
    "onEntityHitWith": {
      "name": "PoptartSwordLivingEntityIsHitWithTool"
    }
  }
}