{
  "_fv": 66,
  "_type": "tool",
  "definition": {
    "toolType": "Axe",
    "renderType": 0,
    "blockingRenderType": 0,
    "texture": "popax",
    "customModelName": "Normal",
    "blockingModelName": "Normal blocking",
    "name": "Poptart Axe",
    "specialInformation": {
      "fixedValue": []
    },
    "creativeTabs": [
      {
        "value": "TOOLS"
      },
      {
        "value": "CUSTOM:PoptartMod"
      }
    ],
    "efficiency": 16.5,
    "attackSpeed": 1.0,
    "enchantability": 2,
    "damageVsEntity": 14.2,
    "usageCount": 22,
    "glowCondition": {
      "fixedValue": false
    },
    "repairItems": [],
    "immuneToFire": false,
    "blockDropsTier": "NETHERITE",
    "blocksAffected": [],
    "stayInGridWhenCrafting": false,
    "damageOnCrafting": false
  }
}