{
  "_fv": 66,
  "_type": "tool",
  "definition": {
    "toolType": "Pickaxe",
    "renderType": 0,
    "blockingRenderType": 0,
    "texture": "poppick",
    "customModelName": "Normal",
    "blockingModelName": "Normal blocking",
    "name": "Poptart Pickaxe",
    "specialInformation": {
      "fixedValue": []
    },
    "creativeTabs": [
      {
        "value": "TOOLS"
      },
      {
        "value": "CUSTOM:PoptartMod"
      }
    ],
    "efficiency": 10.5,
    "attackSpeed": 0.4,
    "enchantability": 2,
    "damageVsEntity": 8.0,
    "usageCount": 22,
    "glowCondition": {
      "fixedValue": false
    },
    "repairItems": [
      {
        "value": "CUSTOM:Poptart"
      }
    ],
    "immuneToFire": false,
    "blockDropsTier": "NETHERITE",
    "blocksAffected": [],
    "stayInGridWhenCrafting": false,
    "damageOnCrafting": false
  }
}