{
  "_fv": 66,
  "_type": "biome",
  "definition": {
    "name": "Star Biome",
    "groundBlock": {
      "value": "CUSTOM:StarGrass"
    },
    "undergroundBlock": {
      "value": "CUSTOM:StarDirt"
    },
    "underwaterBlock": {
      "value": "CUSTOM:StarSand"
    },
    "waterColor": {
      "value": -3368449,
      "falpha": 0.0
    },
    "waterFogColor": {
      "value": -3355393,
      "falpha": 0.0
    },
    "ambientSound": {
      "value": ""
    },
    "additionsSound": {
      "value": ""
    },
    "music": {
      "value": ""
    },
    "moodSound": {
      "value": ""
    },
    "moodSoundDelay": 6000,
    "spawnParticles": false,
    "particleToSpawn": {
      "value": "EXPLOSION_NORMAL"
    },
    "particlesProbability": 0.5,
    "rainingPossibility": 0.5,
    "temperature": 0.5,
    "spawnBiome": true,
    "spawnInCaves": false,
    "spawnBiomeNether": false,
    "genTemperature": {
      "min": -0.5,
      "max": 0.5
    },
    "genHumidity": {
      "min": -0.5,
      "max": 0.5
    },
    "genContinentalness": {
      "min": 0.3,
      "max": 1.0
    },
    "genErosion": {
      "min": -0.5,
      "max": 0.5
    },
    "genWeirdness": {
      "min": -1.0,
      "max": 1.0
    },
    "treesPerChunk": 4,
    "vanillaTreeType": "Birch trees",
    "treeType": 1,
    "minHeight": 7,
    "treeStem": {
      "value": "CUSTOM:StarLog"
    },
    "treeBranch": {
      "value": "CUSTOM:StarLeaf"
    },
    "treeVines": {
      "value": ""
    },
    "treeFruits": {
      "value": ""
    },
    "defaultFeatures": [
      "Caves",
      "Ores",
      "ForestFlowers",
      "AmethystGeodes"
    ],
    "spawnStronghold": false,
    "spawnMineshaft": false,
    "spawnMineshaftMesa": false,
    "spawnPillagerOutpost": false,
    "villageType": "plains",
    "spawnWoodlandMansion": false,
    "spawnJungleTemple": false,
    "spawnDesertPyramid": false,
    "spawnSwampHut": false,
    "spawnIgloo": false,
    "spawnOceanMonument": false,
    "spawnShipwreck": true,
    "spawnShipwreckBeached": true,
    "spawnBuriedTreasure": false,
    "oceanRuinType": "NONE",
    "spawnNetherBridge": false,
    "spawnNetherFossil": false,
    "spawnBastionRemnant": false,
    "spawnEndCity": false,
    "spawnRuinedPortal": "STANDARD",
    "spawnEntries": [
      {
        "entity": {
          "value": "EntityCat"
        },
        "minGroup": 2,
        "maxGroup": 6,
        "weight": 80,
        "spawnType": "ambient"
      },
      {
        "entity": {
          "value": "CUSTOM:StarChicken"
        },
        "minGroup": 4,
        "maxGroup": 4,
        "weight": 20,
        "spawnType": "creature"
      },
      {
        "entity": {
          "value": "CUSTOM:PopMod"
        },
        "minGroup": 4,
        "maxGroup": 9,
        "weight": 20,
        "spawnType": "creature"
      }
    ]
  }
}