{
  "has_precipitation": true,
  "temperature": 0.5,
  "downfall": 0.5,
  "effects": {
    "foliage_color": 10387789,
    "grass_color": 9470285,
    "sky_color": 7972607,
    "fog_color": 12638463,
    "water_color": -3368449,
    "water_fog_color": -3355393
  },
  "spawners": {
    "monster": [],
    "creature": [
      {
        "type": "senseichazmasters:star_chicken",
        "weight": 20,
        "minCount": 4,
        "maxCount": 4
      },
      {
        "type": "senseichazmasters:pop_pig",
        "weight": 20,
        "minCount": 4,
        "maxCount": 9
      }
    ],
    "ambient": [
      {
        "type": "cat",
        "weight": 80,
        "minCount": 2,
        "maxCount": 6
      }
    ],
    "axolotls": [],
    "underground_water_creature": [],
    "water_creature": [],
    "water_ambient": [],
    "misc": []
  },
  "spawn_costs": {},
  "carvers": {
    "air": [
      "minecraft:cave",
      "minecraft:cave_extra_underground",
      "minecraft:canyon"
    ]
  },
  "features": [
    [],
    [
      "minecraft:lake_lava_underground"
    ],
    [
      "minecraft:amethyst_geode"
    ],
    [],
    [],
    [],
    [
      "minecraft:ore_coal_upper",
      "minecraft:ore_coal_lower",
      "minecraft:ore_iron_upper",
      "minecraft:ore_iron_middle",
      "minecraft:ore_iron_small",
      "minecraft:ore_gold",
      "minecraft:ore_gold_lower",
      "minecraft:ore_redstone",
      "minecraft:ore_redstone_lower",
      "minecraft:ore_diamond",
      "minecraft:ore_diamond_medium",
      "minecraft:ore_diamond_large",
      "minecraft:ore_diamond_buried",
      "minecraft:ore_lapis",
      "minecraft:ore_lapis_buried",
      "minecraft:ore_copper",
      "minecraft:underwater_magma"
    ],
    [],
    [],
    [
      "senseichazmasters:star_biome_tree",
      "minecraft:forest_flowers"
    ],
    []
  ]
}