{
  "display": {
    "background": "minecraft:textures/block/stone.png",
    "icon": {
      "id": "julia_moorhead_mod:chocolate"
    },
    "title": {
      "translate": "advancements.willy_wonka.title"
    },
    "description": {
      "translate": "advancements.willy_wonka.descr"
    },
    "frame": "goal",
    "show_toast": true,
    "announce_to_chat": true,
    "hidden": false
  },
  "criteria": {
    "willy_wonka_0": {
      "trigger": "minecraft:inventory_changed",
      "conditions": {
        "items": [
          {
            "items": [
              "julia_moorhead_mod:chocolate"
            ],
            "count": {
              "min": 1,
              "max": 20000
            }
          }
        ]
      }
    }
  },
  "rewards": {
    "experience": 5
  }
}