{
  "type": "minecraft:crafting_shapeless",
  "category": "misc",
  "ingredients": [
    {
      "item": "emerald_may_mod:rubygem"
    },
    {
      "item": "emerald_may_mod:rubygem"
    },
    {
      "item": "emerald_may_mod:rubygem"
    },
    {
      "item": "emerald_may_mod:rubygem"
    },
    {
      "item": "emerald_may_mod:rubygem"
    },
    {
      "item": "emerald_may_mod:rubygem"
    },
    {
      "item": "emerald_may_mod:rubygem"
    },
    {
      "item": "emerald_may_mod:rubygem"
    },
    {
      "item": "emerald_may_mod:rubygem"
    }
  ],
  "result": {
    "item": "emerald_may_mod:rubyblock_3",
    "count": 1
  }
}