{
  "display": {
    "icon": {
      "item": "emerald_may_mod:ruby_apple"
    },
    "title": {
      "translate": "advancements.eatapple.title"
    },
    "description": {
      "translate": "advancements.eatapple.descr"
    },
    "frame": "challenge",
    "show_toast": true,
    "announce_to_chat": true,
    "hidden": true
  },
  "criteria": {
    "eatapple_0": {
      "trigger": "minecraft:consume_item",
      "conditions": {
        "item": {
          "items": [
            "emerald_may_mod:ruby_apple"
          ]
        }
      }
    }
  },
  "rewards": {
    "experience": 30
  },
  "parent": "emerald_may_mod:rubyclass"
}