{
  "display": {
    "background": "minecraft:textures/block/stone.png",
    "icon": {
      "item": "emerald_may_mod:rubygem"
    },
    "title": {
      "translate": "advancements.rubyclass.title"
    },
    "description": {
      "translate": "advancements.rubyclass.descr"
    },
    "frame": "challenge",
    "show_toast": true,
    "announce_to_chat": true,
    "hidden": true
  },
  "criteria": {
    "rubyclass_0": {
      "trigger": "minecraft:inventory_changed",
      "conditions": {
        "items": [
          {
            "items": [
              "emerald_may_mod:rubygem"
            ],
            "count": {
              "min": 1,
              "max": 20000
            }
          }
        ]
      }
    }
  },
  "rewards": {
    "experience": 200
  }
}