{
  "_fv": 66,
  "_type": "villagertrade",
  "definition": {
    "tradeEntries": [
      {
        "villagerProfession": {
          "value": "CUSTOM:Illegal"
        },
        "entries": [
          {
            "price1": {
              "value": "Items.EMERALD"
            },
            "countPrice1": 64,
            "price2": {
              "value": ""
            },
            "countPrice2": 1,
            "offer": {
              "value": "Blocks.BARRIER"
            },
            "countOffer": 1,
            "level": 3,
            "maxTrades": 10,
            "xp": 30,
            "priceMultiplier": 0.05
          }
        ]
      }
    ]
  }
}