{
  "_fv": 66,
  "_type": "achievement",
  "definition": {
    "achievementName": "Try me!",
    "achievementDescription": "I can't die!",
    "achievementIcon": {
      "value": "CUSTOM:RubyApple"
    },
    "background": "Default",
    "disableDisplay": false,
    "showPopup": true,
    "announceToChat": true,
    "hideIfNotCompleted": true,
    "rewardLoot": [],
    "rewardRecipes": [],
    "rewardFunction": "No function",
    "rewardXP": 30,
    "achievementType": "challenge",
    "parent": {
      "value": "CUSTOM:Rubyclass"
    },
    "triggerxml": "<xml xmlns=\"https://developers.google.com/blockly/xml\"><block type=\"advancement_trigger\" deletable=\"false\" x=\"40\" y=\"80\"><next><block type=\"item_consumed\"><value name=\"item\"><block type=\"mcitem_all\"><field name=\"value\">CUSTOM:RubyApple</field></block></value></block></next></block></xml>"
  }
}