{
  "_fv": 66,
  "_type": "livingentity",
  "definition": {
    "mobName": "Pet Creeper",
    "mobLabel": "",
    "mobModelName": "Creeper",
    "mobModelTexture": "creeper.png",
    "transparentModelCondition": {
      "fixedValue": false
    },
    "isShakingCondition": {
      "fixedValue": false
    },
    "solidBoundingBox": {
      "fixedValue": false
    },
    "visualScale": {
      "fixedValue": 1.0
    },
    "boundingBoxScale": {
      "fixedValue": 1.0
    },
    "modelLayers": [],
    "modelWidth": 0.6,
    "modelHeight": 1.7,
    "modelShadowSize": 0.5,
    "mountedYOffset": 0.0,
    "hasSpawnEgg": true,
    "spawnEggBaseColor": {
      "value": -13369600,
      "falpha": 0.0
    },
    "spawnEggDotColor": {
      "value": -65536,
      "falpha": 0.0
    },
    "creativeTabs": [
      {
        "value": "MISC"
      }
    ],
    "isBoss": false,
    "bossBarColor": "PINK",
    "bossBarType": "PROGRESS",
    "equipmentMainHand": {
      "value": "CUSTOM:RubySword"
    },
    "equipmentOffHand": {
      "value": "CUSTOM:RubyShield"
    },
    "equipmentHelmet": {
      "value": "CUSTOM:RubyArmour.helmet"
    },
    "equipmentBody": {
      "value": "CUSTOM:RubyArmour.body"
    },
    "equipmentLeggings": {
      "value": "CUSTOM:RubyArmour.legs"
    },
    "equipmentBoots": {
      "value": "CUSTOM:RubyArmour.boots"
    },
    "mobBehaviourType": "Creature",
    "mobCreatureType": "UNDEFINED",
    "attackStrength": 0,
    "attackKnockback": 0.0,
    "knockbackResistance": 0.0,
    "movementSpeed": 0.30000000000000004,
    "stepHeight": 1.0,
    "armorBaseValue": 5.0,
    "trackingRange": 64,
    "followRange": 16,
    "health": 40,
    "xpAmount": 0,
    "waterMob": false,
    "breatheUnderwater": {
      "fixedValue": true
    },
    "pushedByFluids": {
      "fixedValue": false
    },
    "flyingMob": false,
    "guiBoundTo": "<NONE>",
    "inventorySize": 9,
    "inventoryStackSize": 64,
    "disableCollisions": false,
    "ridable": true,
    "canControlForward": true,
    "canControlStrafe": false,
    "immuneToFire": true,
    "immuneToArrows": true,
    "immuneToFallDamage": true,
    "immuneToCactus": true,
    "immuneToDrowning": true,
    "immuneToLightning": true,
    "immuneToPotions": true,
    "immuneToPlayer": false,
    "immuneToExplosion": true,
    "immuneToTrident": true,
    "immuneToAnvil": true,
    "immuneToWither": true,
    "immuneToDragonBreath": true,
    "mobDrop": {
      "value": "CUSTOM:Rubygem"
    },
    "livingSound": {
      "value": ""
    },
    "hurtSound": {
      "value": "entity.creeper.hurt"
    },
    "deathSound": {
      "value": "entity.creeper.death"
    },
    "stepSound": {
      "value": ""
    },
    "raidCelebrationSound": {
      "value": ""
    },
    "entityDataEntries": [],
    "hasAI": true,
    "aiBase": "(none)",
    "aixml": "<xml xmlns=\"https://developers.google.com/blockly/xml\"><block type=\"aitasks_container\" deletable=\"false\" x=\"131\" y=\"-1\"><next><block type=\"fight_as_owner\"><field name=\"condition\">null,null</field><next><block type=\"look_around\"><field name=\"condition\">null,null</field><next><block type=\"follow_item_in_hands\"><field name=\"speed\">1</field><field name=\"scared\">FALSE</field><field name=\"condition\">null,null</field><value name=\"item\"><block type=\"mcitem_all\"><field name=\"value\">CUSTOM:Rubygem</field></block></value><next><block type=\"doors_open\"><field name=\"condition\">null,null</field><next><block type=\"break_blocks\"><field name=\"speed\">1</field><field name=\"y_max\">3</field><field name=\"condition\">null,null</field><value name=\"block\"><block type=\"mcitem_allblocks\"><field name=\"value\">Blocks.TNT</field></block></value></block></next></block></next></block></next></block></next></block></next></block></xml>",
    "breedable": true,
    "tameable": true,
    "breedTriggerItems": [
      {
        "value": "CUSTOM:Rubygem"
      }
    ],
    "ranged": false,
    "rangedAttackItem": {
      "value": ""
    },
    "rangedItemType": "Default item",
    "rangedAttackInterval": 20,
    "rangedAttackRadius": 10.0,
    "spawnThisMob": false,
    "doesDespawnWhenIdle": false,
    "spawningProbability": 20,
    "mobSpawningType": "monster",
    "minNumberOfMobsPerGroup": 4,
    "maxNumberOfMobsPerGroup": 4,
    "restrictionBiomes": [],
    "spawnInDungeons": false,
    "raidSpawnsCount": [
      4,
      3,
      3,
      4,
      4,
      4,
      2
    ]
  }
}