{
  "_fv": 66,
  "_type": "tool",
  "definition": {
    "toolType": "Sword",
    "renderType": 0,
    "blockingRenderType": 0,
    "texture": "rubysword2",
    "customModelName": "Normal",
    "blockingModelName": "Normal blocking",
    "name": "Ruby Sword",
    "specialInformation": {
      "fixedValue": []
    },
    "creativeTabs": [
      {
        "value": "CUSTOM:OPItems"
      },
      {
        "value": "COMBAT"
      }
    ],
    "efficiency": 0.0,
    "attackSpeed": 2.0,
    "enchantability": 4,
    "damageVsEntity": 15.0,
    "usageCount": 30000,
    "glowCondition": {
      "fixedValue": false
    },
    "repairItems": [
      {
        "value": "CUSTOM:Rubygem"
      }
    ],
    "immuneToFire": true,
    "blockDropsTier": "WOOD",
    "blocksAffected": [],
    "stayInGridWhenCrafting": false,
    "damageOnCrafting": false
  }
}