{
  "_fv": 66,
  "_type": "armor",
  "definition": {
    "enableHelmet": true,
    "textureHelmet": "rubyarmor_head",
    "enableBody": true,
    "textureBody": "rubyarmor_body",
    "enableLeggings": true,
    "textureLeggings": "rubyarmor_leggings",
    "enableBoots": true,
    "textureBoots": "rubyarmor_boots",
    "onHelmetTick": {
      "name": "RubyArmourHelmetTickEvent"
    },
    "onBodyTick": {
      "name": "RubyArmourChestplateTickEvent"
    },
    "onLeggingsTick": {
      "name": "RubyArmourLeggingsTickEvent"
    },
    "onBootsTick": {
      "name": "RubyArmourBootsTickEvent"
    },
    "creativeTabs": [
      {
        "value": "COMBAT"
      },
      {
        "value": "CUSTOM:OPItems"
      }
    ],
    "armorTextureFile": "rubyarmor",
    "helmetName": "Ruby Helmet",
    "bodyName": "Ruby Chestplate",
    "leggingsName": "Ruby Leggings",
    "bootsName": "Ruby Boots",
    "helmetSpecialInformation": {
      "fixedValue": []
    },
    "bodySpecialInformation": {
      "fixedValue": []
    },
    "leggingsSpecialInformation": {
      "fixedValue": []
    },
    "bootsSpecialInformation": {
      "fixedValue": []
    },
    "helmetModelName": "Default",
    "helmetModelPart": "Helmet",
    "helmetModelTexture": "From armor",
    "bodyModelName": "Default",
    "bodyModelPart": "Body",
    "armsModelPartL": "Arms L",
    "armsModelPartR": "Arms R",
    "bodyModelTexture": "From armor",
    "leggingsModelName": "Default",
    "leggingsModelPartL": "Leggings L",
    "leggingsModelPartR": "Leggings R",
    "leggingsModelTexture": "From armor",
    "bootsModelName": "Default",
    "bootsModelPartL": "Boots L",
    "bootsModelPartR": "Boots R",
    "bootsModelTexture": "From armor",
    "helmetItemRenderType": 0,
    "helmetItemCustomModelName": "Normal",
    "bodyItemRenderType": 0,
    "bodyItemCustomModelName": "Normal",
    "leggingsItemRenderType": 0,
    "leggingsItemCustomModelName": "Normal",
    "bootsItemRenderType": 0,
    "bootsItemCustomModelName": "Normal",
    "helmetImmuneToFire": false,
    "bodyImmuneToFire": false,
    "leggingsImmuneToFire": false,
    "bootsImmuneToFire": false,
    "helmetGlowCondition": {
      "fixedValue": false
    },
    "bodyGlowCondition": {
      "fixedValue": false
    },
    "leggingsGlowCondition": {
      "fixedValue": false
    },
    "bootsGlowCondition": {
      "fixedValue": false
    },
    "helmetPiglinNeutral": {
      "fixedValue": false
    },
    "bodyPiglinNeutral": {
      "fixedValue": false
    },
    "leggingsPiglinNeutral": {
      "fixedValue": false
    },
    "bootsPiglinNeutral": {
      "fixedValue": false
    },
    "maxDamage": 34,
    "damageValueHelmet": 5,
    "damageValueBody": 10,
    "damageValueLeggings": 10,
    "damageValueBoots": 5,
    "enchantability": 15,
    "toughness": 5.0,
    "knockbackResistance": 1.0,
    "equipSound": {
      "value": "item.armor.equip_netherite"
    },
    "repairItems": [
      {
        "value": "CUSTOM:Rubygem"
      }
    ]
  }
}