{
  "_fv": 66,
  "_type": "villagertrade",
  "definition": {
    "tradeEntries": [
      {
        "villagerProfession": {
          "value": "WEAPONSMITH"
        },
        "entries": [
          {
            "price1": {
              "value": "Blocks.DIRT#0"
            },
            "countPrice1": 1,
            "price2": {
              "value": ""
            },
            "countPrice2": 1,
            "offer": {
              "value": "Items.NETHERITE_SWORD"
            },
            "countOffer": 6,
            "level": 1,
            "maxTrades": 100,
            "xp": 5,
            "priceMultiplier": 0.05
          }
        ]
      }
    ]
  }
}