{
  "_fv": 66,
  "_type": "tool",
  "definition": {
    "toolType": "Axe",
    "renderType": 0,
    "blockingRenderType": 0,
    "texture": "lagged_axe",
    "customModelName": "Normal",
    "blockingModelName": "Normal blocking",
    "name": "Laggedaxe",
    "specialInformation": {
      "fixedValue": []
    },
    "creativeTabs": [
      {
        "value": "TOOLS"
      }
    ],
    "efficiency": 900.0,
    "attackSpeed": 10.0,
    "enchantability": 900,
    "damageVsEntity": 900.0,
    "usageCount": 900,
    "glowCondition": {
      "fixedValue": false
    },
    "repairItems": [
      {
        "value": "CUSTOM:Laggedingot"
      },
      {
        "value": "Blocks.OBSIDIAN"
      }
    ],
    "immuneToFire": true,
    "blockDropsTier": "NETHERITE",
    "blocksAffected": [],
    "stayInGridWhenCrafting": false,
    "damageOnCrafting": false,
    "onEntityHitWith": {
      "name": "LaggedswordLivingEntityIsHitWithTool"
    }
  }
}