{
  "_fv": 66,
  "_type": "tool",
  "definition": {
    "toolType": "Sword",
    "renderType": 0,
    "blockingRenderType": 0,
    "texture": "lagged_sword",
    "customModelName": "Normal",
    "blockingModelName": "Normal blocking",
    "name": "Laggedsword",
    "specialInformation": {
      "fixedValue": []
    },
    "creativeTabs": [
      {
        "value": "TOOLS"
      }
    ],
    "efficiency": 320.5,
    "attackSpeed": 10.0,
    "enchantability": 2,
    "damageVsEntity": 900.0,
    "usageCount": 500,
    "glowCondition": {
      "fixedValue": false
    },
    "repairItems": [
      {
        "value": "CUSTOM:Laggedingot"
      },
      {
        "value": "Blocks.OBSIDIAN"
      }
    ],
    "immuneToFire": true,
    "blockDropsTier": "NETHERITE",
    "blocksAffected": [],
    "stayInGridWhenCrafting": false,
    "damageOnCrafting": false,
    "onRightClickedInAir": {
      "name": "LaggedswordLivingEntityIsHitWithTool"
    },
    "onEntityHitWith": {
      "name": "LaggedswordLivingEntityIsHitWithTool"
    }
  }
}