{
  "_fv": 66,
  "_type": "projectile",
  "definition": {
    "projectileItem": {
      "value": "CUSTOM:Soulfirecharge"
    },
    "showParticles": true,
    "actionSound": {
      "value": "entity.arrow.shoot"
    },
    "igniteFire": true,
    "power": 1.0,
    "damage": 10000.0,
    "knockback": 438,
    "entityModel": "Default",
    "customModelTexture": "",
    "onHitsBlock": {
      "name": "Soulfirecharge2ProjectileHitsBlock"
    },
    "onHitsEntity": {
      "name": "Soulfirecharge2ProjectileHitsBlock"
    }
  }
}